USE knjiznica;

INSERT INTO authors(id_author,author) VALUES (1,'NE VEM');
INSERT INTO authors(id_author,author) VALUES (2,'ACHEBE CHINUA');
INSERT INTO authors(id_author,author) VALUES (3,'ADAMLJE BOGATAJ');
INSERT INTO authors(id_author,author) VALUES (4,'ADAMS DOUGLAS');
INSERT INTO authors(id_author,author) VALUES (5,'ADLER IRVING');
INSERT INTO authors(id_author,author) VALUES (6,'ADRIANO CINGOLANI');
INSERT INTO authors(id_author,author) VALUES (7,'AGNON ŠMUEL JOSEF');
INSERT INTO authors(id_author,author) VALUES (8,'AJTMATOV ČINGIZ');
INSERT INTO authors(id_author,author) VALUES (10,'ALLENDE ISABEL');
INSERT INTO authors(id_author,author) VALUES (11,'AMBROŽ CIRIL');
INSERT INTO authors(id_author,author) VALUES (12,'AMIN SAMIR');
INSERT INTO authors(id_author,author) VALUES (13,'AMIRREZVANI ANITA');
INSERT INTO authors(id_author,author) VALUES (15,'AMMANITI NICCOLO');
INSERT INTO authors(id_author,author) VALUES (17,'AMZS');
INSERT INTO authors(id_author,author) VALUES (19,'ANDERSEN HANS CHRISTIAN');
INSERT INTO authors(id_author,author) VALUES (20,'ANDERSON LENA');
INSERT INTO authors(id_author,author) VALUES (21,'ANDRIĆ IVO');
INSERT INTO authors(id_author,author) VALUES (22,'ANTON SLODNJAK');
INSERT INTO authors(id_author,author) VALUES (23,'APOLLONIO UMBRO');
INSERT INTO authors(id_author,author) VALUES (24,'ARENDT HANNAH');
INSERT INTO authors(id_author,author) VALUES (25,'ARH FRANC');
INSERT INTO authors(id_author,author) VALUES (26,'ARSAN EMMANUELLE');
INSERT INTO authors(id_author,author) VALUES (27,'AŠIČ SIMON');
INSERT INTO authors(id_author,author) VALUES (28,'AŠKERC ANTON');
INSERT INTO authors(id_author,author) VALUES (30,'ATWOOD MARGARET');
INSERT INTO authors(id_author,author) VALUES (31,'ATXAGA BERNARDO');
INSERT INTO authors(id_author,author) VALUES (32,'AUBIER CATHERINE');
INSERT INTO authors(id_author,author) VALUES (34,'AUEL JEAN');
INSERT INTO authors(id_author,author) VALUES (35,'BADIOU ALAIN');
INSERT INTO authors(id_author,author) VALUES (36,'BALES, TRODD, KENT WILLIAMSON');
INSERT INTO authors(id_author,author) VALUES (37,'BALLARIN ALESSANDRO');
INSERT INTO authors(id_author,author) VALUES (38,'BALLUCH MARTIN');
INSERT INTO authors(id_author,author) VALUES (39,'BALZAC HONORE');
INSERT INTO authors(id_author,author) VALUES (40,'BAMBECK WOLTERS');
INSERT INTO authors(id_author,author) VALUES (41,'BANVILLE JOHN');
INSERT INTO authors(id_author,author) VALUES (42,'BAR ELVIRE');
INSERT INTO authors(id_author,author) VALUES (43,'BARICCO ALESSANDRO');
INSERT INTO authors(id_author,author) VALUES (44,'BARRIE, HESS');
INSERT INTO authors(id_author,author) VALUES (45,'BARTHES RONALD');
INSERT INTO authors(id_author,author) VALUES (46,'BAUM FRANK');
INSERT INTO authors(id_author,author) VALUES (47,'BAUMGART KLAUS');
INSERT INTO authors(id_author,author) VALUES (48,'BECKER ROLF, ALEXANDRA');
INSERT INTO authors(id_author,author) VALUES (49,'BECKETT SAMUEL');
INSERT INTO authors(id_author,author) VALUES (50,'BELLOW SAUL');
INSERT INTO authors(id_author,author) VALUES (51,'BENKO VLADIMIR');
INSERT INTO authors(id_author,author) VALUES (53,'BERCE SONJA');
INSERT INTO authors(id_author,author) VALUES (54,'BERLITZ CHARLES');
INSERT INTO authors(id_author,author) VALUES (55,'BERNIK IVAN');
INSERT INTO authors(id_author,author) VALUES (57,'BEVK FRANCE');
INSERT INTO authors(id_author,author) VALUES (58,'BEVK FRANCE; MANČEK MARJAN');
INSERT INTO authors(id_author,author) VALUES (59,'BIBIČ BRATKO');
INSERT INTO authors(id_author,author) VALUES (60,'BLACKMORE RICHARD');
INSERT INTO authors(id_author,author) VALUES (61,'BLEJEC MARIJAN');
INSERT INTO authors(id_author,author) VALUES (62,'BLIXEN KAREN');
INSERT INTO authors(id_author,author) VALUES (63,'BLOCH ARTHUR');
INSERT INTO authors(id_author,author) VALUES (64,'BODANIS DAVID');
INSERT INTO authors(id_author,author) VALUES (66,'BOLL HEINRICH');
INSERT INTO authors(id_author,author) VALUES (67,'BONAR ANN');
INSERT INTO authors(id_author,author) VALUES (68,'BOR MATEJ');
INSERT INTO authors(id_author,author) VALUES (69,'BOROVNIK SILVIJA');
INSERT INTO authors(id_author,author) VALUES (70,'BOULTON MARJORIE');
INSERT INTO authors(id_author,author) VALUES (71,'BOŽIČ, WEBER');
INSERT INTO authors(id_author,author) VALUES (72,'BRADLEY COURTIER');
INSERT INTO authors(id_author,author) VALUES (73,'BRAND RUSSELL');
INSERT INTO authors(id_author,author) VALUES (74,'BRAUER SIGRID');
INSERT INTO authors(id_author,author) VALUES (75,'BREE ALMUT');
INSERT INTO authors(id_author,author) VALUES (76,'BREZNIK MAJA');
INSERT INTO authors(id_author,author) VALUES (78,'BRONTE CHARLOTTE');
INSERT INTO authors(id_author,author) VALUES (79,'BUČAR FRANCE');
INSERT INTO authors(id_author,author) VALUES (80,'BUČEVIĆ KUNC');
INSERT INTO authors(id_author,author) VALUES (81,'BUCK PEARL S.');
INSERT INTO authors(id_author,author) VALUES (82,'BUKOWSKI CHARLES');
INSERT INTO authors(id_author,author) VALUES (85,'BUNC STAKO');
INSERT INTO authors(id_author,author) VALUES (86,'BUNIN IVAN ALEKSEJEVIČ');
INSERT INTO authors(id_author,author) VALUES (87,'BURGER GOTTFRIED AUGUST');
INSERT INTO authors(id_author,author) VALUES (88,'BURROUGHS EDGAR RICE');
INSERT INTO authors(id_author,author) VALUES (89,'BUSCHER GUSTAV');
INSERT INTO authors(id_author,author) VALUES (90,'BUSIGNANI ALBERTO');
INSERT INTO authors(id_author,author) VALUES (91,'BUTLER; MACNAUGHTON');
INSERT INTO authors(id_author,author) VALUES (92,'CAMPAGNE CLAUDE');
INSERT INTO authors(id_author,author) VALUES (93,'CAMUS ALBERT');
INSERT INTO authors(id_author,author) VALUES (99,'CANKAR IVAN');
INSERT INTO authors(id_author,author) VALUES (100,'CAPUDER ANDREJ');
INSERT INTO authors(id_author,author) VALUES (101,'CARPER JEAN');
INSERT INTO authors(id_author,author) VALUES (103,'CARRE JOHN');
INSERT INTO authors(id_author,author) VALUES (104,'CARTER ANGELA');
INSERT INTO authors(id_author,author) VALUES (105,'CASSOU JEAN');
INSERT INTO authors(id_author,author) VALUES (106,'CAT NANCY');
INSERT INTO authors(id_author,author) VALUES (107,'ČECH PAVEL');
INSERT INTO authors(id_author,author) VALUES (108,'CELA JAUME');
INSERT INTO authors(id_author,author) VALUES (109,'ČELIK PAVLE');
INSERT INTO authors(id_author,author) VALUES (110,'CENDRARS BLAISE');
INSERT INTO authors(id_author,author) VALUES (111,'CERAM');
INSERT INTO authors(id_author,author) VALUES (115,'CERVANTES SAAVEDRA MIGUEL');
INSERT INTO authors(id_author,author) VALUES (116,'CESAIRE AIME');
INSERT INTO authors(id_author,author) VALUES (117,'CHARRIERE HENRI');
INSERT INTO authors(id_author,author) VALUES (118,'CHE GUEVARA ERNESTO');
INSERT INTO authors(id_author,author) VALUES (119,'CHEVALIER TRACY');
INSERT INTO authors(id_author,author) VALUES (120,'CHION MICHEL');
INSERT INTO authors(id_author,author) VALUES (121,'CHOMSKY NOAM');
INSERT INTO authors(id_author,author) VALUES (122,'CHRISTIE AGATHA');
INSERT INTO authors(id_author,author) VALUES (123,'CHURCHILL WINSTON SPENCER');
INSERT INTO authors(id_author,author) VALUES (125,'ČIBEJ JOŽE ANDREJ');
INSERT INTO authors(id_author,author) VALUES (127,'ČKZ');
INSERT INTO authors(id_author,author) VALUES (128,'CLARKE ARTHUR');
INSERT INTO authors(id_author,author) VALUES (129,'CLEZIO JEAN');
INSERT INTO authors(id_author,author) VALUES (130,'COBEN HARLAN');
INSERT INTO authors(id_author,author) VALUES (132,'COLEMAN LONNIE');
INSERT INTO authors(id_author,author) VALUES (133,'COLETTE SIDONIE GABRIELLE');
INSERT INTO authors(id_author,author) VALUES (134,'COLNARIČ VRABL');
INSERT INTO authors(id_author,author) VALUES (135,'COLOROSO BARBARA');
INSERT INTO authors(id_author,author) VALUES (136,'CONRAD JOSEPH');
INSERT INTO authors(id_author,author) VALUES (137,'ČOPIČ BRANKO');
INSERT INTO authors(id_author,author) VALUES (138,'CORMAN EVERY');
INSERT INTO authors(id_author,author) VALUES (139,'CORTATAR JULIO');
INSERT INTO authors(id_author,author) VALUES (140,'COSCARELLI KATE');
INSERT INTO authors(id_author,author) VALUES (141,'COWIE');
INSERT INTO authors(id_author,author) VALUES (143,'CRONIN');
INSERT INTO authors(id_author,author) VALUES (144,'CROUCH COLIN');
INSERT INTO authors(id_author,author) VALUES (145,'DALI SALVADOR');
INSERT INTO authors(id_author,author) VALUES (146,'DALMATIN JURIJ');
INSERT INTO authors(id_author,author) VALUES (147,'DANELLA UTTA');
INSERT INTO authors(id_author,author) VALUES (148,'DANTE ALIGHIERI');
INSERT INTO authors(id_author,author) VALUES (149,'DARKO AMMA');
INSERT INTO authors(id_author,author) VALUES (151,'DEBELAK MATEJA');
INSERT INTO authors(id_author,author) VALUES (152,'DEBENJAK DORIS');
INSERT INTO authors(id_author,author) VALUES (154,'DEFOE DANIEL');
INSERT INTO authors(id_author,author) VALUES (155,'DEIGHTON LEN');
INSERT INTO authors(id_author,author) VALUES (156,'DELEDDA GRAZIA');
INSERT INTO authors(id_author,author) VALUES (157,'DEPETRILLO BART');
INSERT INTO authors(id_author,author) VALUES (158,'DESTOVNIK KAJUH KAREL');
INSERT INTO authors(id_author,author) VALUES (159,'DIABY MOHAMED');
INSERT INTO authors(id_author,author) VALUES (160,'DICAMILLO KATE');
INSERT INTO authors(id_author,author) VALUES (162,'DICKENS CHARLES');
INSERT INTO authors(id_author,author) VALUES (165,'DISNEY WALT');
INSERT INTO authors(id_author,author) VALUES (166,'DOLAR MLADEN');
INSERT INTO authors(id_author,author) VALUES (167,'DOLINAR BRANE');
INSERT INTO authors(id_author,author) VALUES (168,'DOMINIC MARC');
INSERT INTO authors(id_author,author) VALUES (169,'DORING ILSE');
INSERT INTO authors(id_author,author) VALUES (170,'DORNEMANN LUISE');
INSERT INTO authors(id_author,author) VALUES (171,'DOSTOJEVSKI FJODOR');
INSERT INTO authors(id_author,author) VALUES (172,'DOWNES ROCK');
INSERT INTO authors(id_author,author) VALUES (173,'DRAGO BAJT');
INSERT INTO authors(id_author,author) VALUES (174,'DRAGOŠ SREČO LESKOŠEK VESNA');
INSERT INTO authors(id_author,author) VALUES (175,'DRENOVEC FRANČEK');
INSERT INTO authors(id_author,author) VALUES (176,'DUBOIS');
INSERT INTO authors(id_author,author) VALUES (177,'DURRENMAT FRIEDERICH');
INSERT INTO authors(id_author,author) VALUES (180,'DUŠAN LIPOVEC');
INSERT INTO authors(id_author,author) VALUES (181,'EARLE JO');
INSERT INTO authors(id_author,author) VALUES (182,'ECO UMBERTO');
INSERT INTO authors(id_author,author) VALUES (183,'ELIOT THOMAS STEARNS');
INSERT INTO authors(id_author,author) VALUES (184,'ELLERT GERHARD');
INSERT INTO authors(id_author,author) VALUES (185,'ENGLES PLEHANOV');
INSERT INTO authors(id_author,author) VALUES (186,'ERDRICH LOUISE');
INSERT INTO authors(id_author,author) VALUES (187,'EUCKEN RUDOLF CHISTOPH');
INSERT INTO authors(id_author,author) VALUES (188,'EVANS CHRISTOPHER');
INSERT INTO authors(id_author,author) VALUES (189,'EXLEY HELEN');
INSERT INTO authors(id_author,author) VALUES (190,'FAJFAR METKA');
INSERT INTO authors(id_author,author) VALUES (191,'FATUR SLAVKO');
INSERT INTO authors(id_author,author) VALUES (192,'FEZZI ELDA');
INSERT INTO authors(id_author,author) VALUES (193,'FIGGIS MIKE');
INSERT INTO authors(id_author,author) VALUES (194,'FILIP JURKOVIČA');
INSERT INTO authors(id_author,author) VALUES (195,'FILIPIČ FRANCE');
INSERT INTO authors(id_author,author) VALUES (196,'FINEGAN DEREK');
INSERT INTO authors(id_author,author) VALUES (197,'FIRM VLADO');
INSERT INTO authors(id_author,author) VALUES (198,'FISCHER MARIE LOUISE');
INSERT INTO authors(id_author,author) VALUES (199,'FLANAGAN RICHARD');
INSERT INTO authors(id_author,author) VALUES (201,'FLISAR EVALD');
INSERT INTO authors(id_author,author) VALUES (204,'FOUCAULT MICHEL');
INSERT INTO authors(id_author,author) VALUES (205,'FOURRIER MIGNONAC');
INSERT INTO authors(id_author,author) VALUES (206,'FOWLES JOHN');
INSERT INTO authors(id_author,author) VALUES (207,'FRANCA MARIJA');
INSERT INTO authors(id_author,author) VALUES (208,'FREEMAN CYNTHIA');
INSERT INTO authors(id_author,author) VALUES (209,'FREETH NICE');
INSERT INTO authors(id_author,author) VALUES (211,'FUENTES CARLOS');
INSERT INTO authors(id_author,author) VALUES (212,'FULGA LAURENTIU');
INSERT INTO authors(id_author,author) VALUES (213,'FUNKE CORNELIA');
INSERT INTO authors(id_author,author) VALUES (214,'FURTH ROBIN');
INSERT INTO authors(id_author,author) VALUES (215,'GABI ĆAČINOVIČ');
INSERT INTO authors(id_author,author) VALUES (216,'GABOROVIČ NADA');
INSERT INTO authors(id_author,author) VALUES (217,'GAGERN FRIDERIK');
INSERT INTO authors(id_author,author) VALUES (218,'GAINES ERNEST');
INSERT INTO authors(id_author,author) VALUES (221,'GALSWORTHY JOHN');
INSERT INTO authors(id_author,author) VALUES (224,'GARCIA MARQUEZ GABRIEL');
INSERT INTO authors(id_author,author) VALUES (225,'GATT GIUSEPPE');
INSERT INTO authors(id_author,author) VALUES (226,'GERMAIN EDWARD');
INSERT INTO authors(id_author,author) VALUES (227,'GIBRAN KAHLIL');
INSERT INTO authors(id_author,author) VALUES (228,'GILLETT RICHARD');
INSERT INTO authors(id_author,author) VALUES (229,'GINSBERG ALLEN');
INSERT INTO authors(id_author,author) VALUES (230,'GINZBURG JEVGENIJA');
INSERT INTO authors(id_author,author) VALUES (231,'GJELLERUP KARL');
INSERT INTO authors(id_author,author) VALUES (232,'GLEICK JAMES');
INSERT INTO authors(id_author,author) VALUES (233,'GODINA FERDO');
INSERT INTO authors(id_author,author) VALUES (236,'GOLDING WILLIAM');
INSERT INTO authors(id_author,author) VALUES (238,'GOLOB IZIDOR');
INSERT INTO authors(id_author,author) VALUES (239,'GOMBROWICZ WITOLD');
INSERT INTO authors(id_author,author) VALUES (240,'GOOCK RONALD');
INSERT INTO authors(id_author,author) VALUES (241,'GORDIMER NADINE');
INSERT INTO authors(id_author,author) VALUES (242,'GORDON RICHARD');
INSERT INTO authors(id_author,author) VALUES (243,'GORES HANS');
INSERT INTO authors(id_author,author) VALUES (244,'GORUPIČ BORIS');
INSERT INTO authors(id_author,author) VALUES (249,'GRAD ANTON');
INSERT INTO authors(id_author,author) VALUES (250,'GRAD ŠKERLJ VITOROVIČ');
INSERT INTO authors(id_author,author) VALUES (251,'GRADNIK ALOJZ');
INSERT INTO authors(id_author,author) VALUES (253,'GRAEBER DAVID');
INSERT INTO authors(id_author,author) VALUES (254,'GRAH DRAGO');
INSERT INTO authors(id_author,author) VALUES (255,'GRANT');
INSERT INTO authors(id_author,author) VALUES (256,'GREEN JEN');
INSERT INTO authors(id_author,author) VALUES (257,'GREENE GRAHAM');
INSERT INTO authors(id_author,author) VALUES (258,'GREGOR MANFRED');
INSERT INTO authors(id_author,author) VALUES (260,'GREGORČIČ SIMON');
INSERT INTO authors(id_author,author) VALUES (261,'GREGORIČIČ MARTA');
INSERT INTO authors(id_author,author) VALUES (262,'GREŠAK');
INSERT INTO authors(id_author,author) VALUES (264,'GRIMM');
INSERT INTO authors(id_author,author) VALUES (265,'GROBELNIK VOJE');
INSERT INTO authors(id_author,author) VALUES (266,'GROŠELJ EMA LEILA');
INSERT INTO authors(id_author,author) VALUES (267,'GROSSMAN DAVID');
INSERT INTO authors(id_author,author) VALUES (268,'GRUNDLER DARKO');
INSERT INTO authors(id_author,author) VALUES (269,'HAAS HANSJORG');
INSERT INTO authors(id_author,author) VALUES (270,'HAGGARD RIDER');
INSERT INTO authors(id_author,author) VALUES (271,'HAINCHELIN');
INSERT INTO authors(id_author,author) VALUES (272,'HAMSUN');
INSERT INTO authors(id_author,author) VALUES (273,'HAMSUN KNUT');
INSERT INTO authors(id_author,author) VALUES (275,'HANDKE PETER');
INSERT INTO authors(id_author,author) VALUES (276,'HARDT MICHAEL NEGRI ANTONIO');
INSERT INTO authors(id_author,author) VALUES (277,'HARDY THOMAS');
INSERT INTO authors(id_author,author) VALUES (278,'HARRIS THOMAS');
INSERT INTO authors(id_author,author) VALUES (279,'HAŠEK JAROSLAV');
INSERT INTO authors(id_author,author) VALUES (281,'HAUFF WILHELM');
INSERT INTO authors(id_author,author) VALUES (282,'HELIODORUS');
INSERT INTO authors(id_author,author) VALUES (283,'HELLYER ARTHUR');
INSERT INTO authors(id_author,author) VALUES (290,'HEMINGWAY ERNEST');
INSERT INTO authors(id_author,author) VALUES (291,'HERCUN D.');
INSERT INTO authors(id_author,author) VALUES (294,'HERGE');
INSERT INTO authors(id_author,author) VALUES (295,'HERGOLD IVANKA');
INSERT INTO authors(id_author,author) VALUES (296,'HERM GERHARD');
INSERT INTO authors(id_author,author) VALUES (297,'HERMLIN STEPHAN');
INSERT INTO authors(id_author,author) VALUES (298,'HESSE HERMANN');
INSERT INTO authors(id_author,author) VALUES (299,'HIGHSMITH PATRICIA');
INSERT INTO authors(id_author,author) VALUES (300,'HILL GRAHAME');
INSERT INTO authors(id_author,author) VALUES (303,'HOFFMANN');
INSERT INTO authors(id_author,author) VALUES (305,'HOLABIRD KATHARINE');
INSERT INTO authors(id_author,author) VALUES (306,'HOLLOWAY JOHN');
INSERT INTO authors(id_author,author) VALUES (307,'HOLMES MOULTON');
INSERT INTO authors(id_author,author) VALUES (308,'HOLROYD STUART IN SUSAN');
INSERT INTO authors(id_author,author) VALUES (310,'HOMER');
INSERT INTO authors(id_author,author) VALUES (312,'HONZAK MOJCA');
INSERT INTO authors(id_author,author) VALUES (313,'HORNBACH MICHAEL');
INSERT INTO authors(id_author,author) VALUES (314,'HORY LADISLAV');
INSERT INTO authors(id_author,author) VALUES (315,'HOWATCH SUSAN');
INSERT INTO authors(id_author,author) VALUES (316,'HRABAL BOHUMIL');
INSERT INTO authors(id_author,author) VALUES (317,'HUGO VICTOR');
INSERT INTO authors(id_author,author) VALUES (319,'HUMAR MARJETA');
INSERT INTO authors(id_author,author) VALUES (320,'HUNTER SALLY');
INSERT INTO authors(id_author,author) VALUES (321,'HUXLEY ALDOUS');
INSERT INTO authors(id_author,author) VALUES (322,'HUYSMANS KARL');
INSERT INTO authors(id_author,author) VALUES (323,'IBSEN HENRIK');
INSERT INTO authors(id_author,author) VALUES (324,'IGRA S HUDIČEVIM REPOM');
INSERT INTO authors(id_author,author) VALUES (326,'INGOLIČ ANTON');
INSERT INTO authors(id_author,author) VALUES (327,'JAEGER HENRY');
INSERT INTO authors(id_author,author) VALUES (328,'JALEN JANEZ');
INSERT INTO authors(id_author,author) VALUES (332,'JANČAR DRAGO');
INSERT INTO authors(id_author,author) VALUES (333,'JANUSZ PIEKALKIEWICZ');
INSERT INTO authors(id_author,author) VALUES (334,'JAUŠOVEC NORBERT');
INSERT INTO authors(id_author,author) VALUES (335,'JAVORŠEK MARIJA');
INSERT INTO authors(id_author,author) VALUES (336,'JELČIČ JASMINA');
INSERT INTO authors(id_author,author) VALUES (337,'JENEŽ STANKO');
INSERT INTO authors(id_author,author) VALUES (338,'JENKO SIMON');
INSERT INTO authors(id_author,author) VALUES (339,'JESIH MILAN');
INSERT INTO authors(id_author,author) VALUES (340,'JIMENEZ JUAN JIMENEZ');
INSERT INTO authors(id_author,author) VALUES (341,'JOHNSON EYVIND');
INSERT INTO authors(id_author,author) VALUES (342,'JOHNSON UNA');
INSERT INTO authors(id_author,author) VALUES (343,'JOKAI MOR');
INSERT INTO authors(id_author,author) VALUES (344,'JONES SHERRY');
INSERT INTO authors(id_author,author) VALUES (346,'JONG ERICA');
INSERT INTO authors(id_author,author) VALUES (347,'JOVANOVIĆ BERLOT MILICA');
INSERT INTO authors(id_author,author) VALUES (348,'JURANIČIČ JANKO');
INSERT INTO authors(id_author,author) VALUES (349,'JURCA BRANKA');
INSERT INTO authors(id_author,author) VALUES (351,'JURČIČ JOSIP');
INSERT INTO authors(id_author,author) VALUES (352,'JURČIČ KERSNIK');
INSERT INTO authors(id_author,author) VALUES (353,'KADUNC LIPAR GENIJA');
INSERT INTO authors(id_author,author) VALUES (354,'KAFKA');
INSERT INTO authors(id_author,author) VALUES (355,'KALČIĆ ŠPELA');
INSERT INTO authors(id_author,author) VALUES (356,'KALEB VJEKOSLAV');
INSERT INTO authors(id_author,author) VALUES (358,'KALIN GOLOB MONIKA');
INSERT INTO authors(id_author,author) VALUES (359,'KALINŠEK FELICITA');
INSERT INTO authors(id_author,author) VALUES (360,'KAMINSKI ANDRE');
INSERT INTO authors(id_author,author) VALUES (361,'KARDOS GYORGY');
INSERT INTO authors(id_author,author) VALUES (362,'KAUFMAN BEL');
INSERT INTO authors(id_author,author) VALUES (363,'KAVABATA JASUNARI');
INSERT INTO authors(id_author,author) VALUES (364,'KAVČIČ VLADIMIR');
INSERT INTO authors(id_author,author) VALUES (365,'KEN BUGUL');
INSERT INTO authors(id_author,author) VALUES (366,'KENEALLY THOMAS');
INSERT INTO authors(id_author,author) VALUES (367,'KERR');
INSERT INTO authors(id_author,author) VALUES (368,'KETTE DRAGOTIN');
INSERT INTO authors(id_author,author) VALUES (372,'KING STEPHEN');
INSERT INTO authors(id_author,author) VALUES (374,'KLEČ MILAN');
INSERT INTO authors(id_author,author) VALUES (375,'KMECL MATJAŽ');
INSERT INTO authors(id_author,author) VALUES (376,'KMELC MATJAŽ');
INSERT INTO authors(id_author,author) VALUES (378,'KNITTEL JOHN');
INSERT INTO authors(id_author,author) VALUES (379,'KOCBEK EDVARD');
INSERT INTO authors(id_author,author) VALUES (380,'KOCIPER STANKO');
INSERT INTO authors(id_author,author) VALUES (381,'KOLAR VLADIMIR');
INSERT INTO authors(id_author,author) VALUES (382,'KOLMANIČ KROLINA');
INSERT INTO authors(id_author,author) VALUES (383,'KOMAC');
INSERT INTO authors(id_author,author) VALUES (384,'KONC LORENZUTTI NATAŠA');
INSERT INTO authors(id_author,author) VALUES (385,'KORDEMSKI BORIS A.');
INSERT INTO authors(id_author,author) VALUES (389,'KOS JANKO');
INSERT INTO authors(id_author,author) VALUES (390,'KOS-MIKUŠ SVETINA');
INSERT INTO authors(id_author,author) VALUES (391,'KOSMAČ CIRIL');
INSERT INTO authors(id_author,author) VALUES (392,'KOVAČ TITA');
INSERT INTO authors(id_author,author) VALUES (393,'KOVAČOČ TANJA');
INSERT INTO authors(id_author,author) VALUES (394,'KOVIČ KAJETAN; REICHMAN JELKA');
INSERT INTO authors(id_author,author) VALUES (395,'KOZAR LOJZE');
INSERT INTO authors(id_author,author) VALUES (396,'KRALJEVO HORTIKULTURNO ZDRUŽENJE');
INSERT INTO authors(id_author,author) VALUES (397,'KRAMBERGER IVAN');
INSERT INTO authors(id_author,author) VALUES (401,'KRANJEC MIŠKO');
INSERT INTO authors(id_author,author) VALUES (402,'KREČIČ PETER');
INSERT INTO authors(id_author,author) VALUES (403,'KREGAR ALEKSANDER');
INSERT INTO authors(id_author,author) VALUES (404,'KRIEGER ARNOLD');
INSERT INTO authors(id_author,author) VALUES (405,'KRIŽNAR TOMO');
INSERT INTO authors(id_author,author) VALUES (406,'KRVINA MINKA');
INSERT INTO authors(id_author,author) VALUES (407,'KUHAR ROMAN');
INSERT INTO authors(id_author,author) VALUES (408,'KUREISHI HANIF');
INSERT INTO authors(id_author,author) VALUES (409,'KURNIK ANDREJ');
INSERT INTO authors(id_author,author) VALUES (410,'KUSTIČ ŽIVKO');
INSERT INTO authors(id_author,author) VALUES (411,'LAGARDE MICHARD');
INSERT INTO authors(id_author,author) VALUES (413,'LAINŠČEK FERI');
INSERT INTO authors(id_author,author) VALUES (414,'LAURENCE RAY');
INSERT INTO authors(id_author,author) VALUES (415,'LAVRENČIČ LINA');
INSERT INTO authors(id_author,author) VALUES (417,'LAWRENCE DAVID HERBERT');
INSERT INTO authors(id_author,author) VALUES (418,'LAWRENCE MICHAEL');
INSERT INTO authors(id_author,author) VALUES (419,'LAXNESS HALLDOR');
INSERT INTO authors(id_author,author) VALUES (420,'LEDUC VIOLETTE');
INSERT INTO authors(id_author,author) VALUES (421,'LENARDIČ DARJA');
INSERT INTO authors(id_author,author) VALUES (424,'LENIN VLADIMIR ILIČ');
INSERT INTO authors(id_author,author) VALUES (425,'LENZ SIEGFRIED');
INSERT INTO authors(id_author,author) VALUES (427,'LERMONTOV MIHAIL');
INSERT INTO authors(id_author,author) VALUES (428,'LEVEY MICHAEL');
INSERT INTO authors(id_author,author) VALUES (429,'LEVSTIK FRAN');
INSERT INTO authors(id_author,author) VALUES (431,'LINDGREN ASTRID');
INSERT INTO authors(id_author,author) VALUES (433,'LIPOVEC DUŠAN');
INSERT INTO authors(id_author,author) VALUES (434,'LIPSEY RICHARD');
INSERT INTO authors(id_author,author) VALUES (440,'LJUDSKA');
INSERT INTO authors(id_author,author) VALUES (441,'LOKAR DANILO');
INSERT INTO authors(id_author,author) VALUES (443,'LONDON JACK');
INSERT INTO authors(id_author,author) VALUES (444,'LOOK LENORE');
INSERT INTO authors(id_author,author) VALUES (446,'LORCA GARCIA FEDERICO');
INSERT INTO authors(id_author,author) VALUES (447,'LORD WALTER');
INSERT INTO authors(id_author,author) VALUES (448,'LOUYS PIERRE');
INSERT INTO authors(id_author,author) VALUES (449,'LOVRIĆ; PAVLOVIĆ');
INSERT INTO authors(id_author,author) VALUES (450,'LUDLUM ROBERT');
INSERT INTO authors(id_author,author) VALUES (451,'LUKIČ FRANC');
INSERT INTO authors(id_author,author) VALUES (452,'LUKŠIČ ANDREJ');
INSERT INTO authors(id_author,author) VALUES (455,'LUTHER KING MARTIN');
INSERT INTO authors(id_author,author) VALUES (456,'LYSEBETH ANDRE');
INSERT INTO authors(id_author,author) VALUES (457,'MACDONALD ALAN');
INSERT INTO authors(id_author,author) VALUES (458,'MAGNANI MILENA');
INSERT INTO authors(id_author,author) VALUES (459,'MAKAROVIČ SVETLANA');
INSERT INTO authors(id_author,author) VALUES (460,'MALALAN ANA');
INSERT INTO authors(id_author,author) VALUES (462,'MALEŠ MIHA');
INSERT INTO authors(id_author,author) VALUES (463,'MALRAUX ANDRE');
INSERT INTO authors(id_author,author) VALUES (465,'MANZONI ALESSANDRO');
INSERT INTO authors(id_author,author) VALUES (466,'MARTINSON HARRY');
INSERT INTO authors(id_author,author) VALUES (467,'MARX ENGELS');
INSERT INTO authors(id_author,author) VALUES (468,'MASWELL HUDSON CLARE');
INSERT INTO authors(id_author,author) VALUES (469,'MATAR HISHAM');
INSERT INTO authors(id_author,author) VALUES (470,'MAURER NEŽA');
INSERT INTO authors(id_author,author) VALUES (471,'MAUSER KAREL');
INSERT INTO authors(id_author,author) VALUES (472,'MAZOWER MARK');
INSERT INTO authors(id_author,author) VALUES (473,'MCGOWAN DUBERN');
INSERT INTO authors(id_author,author) VALUES (474,'MEHARI SENAIT');
INSERT INTO authors(id_author,author) VALUES (475,'MEIJER EMIL');
INSERT INTO authors(id_author,author) VALUES (476,'MENART JANEZ');
INSERT INTO authors(id_author,author) VALUES (477,'MEPHAM MICHAEL');
INSERT INTO authors(id_author,author) VALUES (479,'METALIOUS GRACE');
INSERT INTO authors(id_author,author) VALUES (480,'MIKUŽ STANE');
INSERT INTO authors(id_author,author) VALUES (481,'MILIČINSKI FRANE');
INSERT INTO authors(id_author,author) VALUES (482,'MILIČINSKI FRANE JEŽEK');
INSERT INTO authors(id_author,author) VALUES (483,'MILLER HENRY');
INSERT INTO authors(id_author,author) VALUES (486,'MINATTI IVAN');
INSERT INTO authors(id_author,author) VALUES (487,'MIR SADEKI DŽAMAL');
INSERT INTO authors(id_author,author) VALUES (488,'MOČNIK RASTKO');
INSERT INTO authors(id_author,author) VALUES (489,'MODER JANKO');
INSERT INTO authors(id_author,author) VALUES (490,'MODRNDORFER VINKO');
INSERT INTO authors(id_author,author) VALUES (491,'MOLIERE');
INSERT INTO authors(id_author,author) VALUES (492,'MONTALE EUGENIO');
INSERT INTO authors(id_author,author) VALUES (493,'MORAVIA ALBERTO');
INSERT INTO authors(id_author,author) VALUES (494,'MORICZ ZSIGMOND');
INSERT INTO authors(id_author,author) VALUES (495,'MOŠKRIČ MARJAN');
INSERT INTO authors(id_author,author) VALUES (496,'MOŠKRIČ MARJANA');
INSERT INTO authors(id_author,author) VALUES (497,'MOTOH ŠILC ŠUŠTERŠIČ');
INSERT INTO authors(id_author,author) VALUES (498,'MULLER HERTA');
INSERT INTO authors(id_author,author) VALUES (499,'MUNIH JOŽI');
INSERT INTO authors(id_author,author) VALUES (500,'MURGIA MICHELA');
INSERT INTO authors(id_author,author) VALUES (501,'MURPHY RAYMOND');
INSERT INTO authors(id_author,author) VALUES (502,'MUSEK JAN PEČJAK VID');
INSERT INTO authors(id_author,author) VALUES (503,'MUSSO GUILLAUME');
INSERT INTO authors(id_author,author) VALUES (504,'MUSTER ČENČRU NANIKA');
INSERT INTO authors(id_author,author) VALUES (505,'NAGY KATALIN');
INSERT INTO authors(id_author,author) VALUES (506,'NATTER MARIA');
INSERT INTO authors(id_author,author) VALUES (507,'NERUDA PABLO');
INSERT INTO authors(id_author,author) VALUES (508,'NEŠOVIĆ PRUNK');
INSERT INTO authors(id_author,author) VALUES (509,'NONHEBEL CLARE');
INSERT INTO authors(id_author,author) VALUES (510,'NOVAK OISEAU NINA');
INSERT INTO authors(id_author,author) VALUES (511,'NOVAK TANJA');
INSERT INTO authors(id_author,author) VALUES (512,'OCCUPY');
INSERT INTO authors(id_author,author) VALUES (513,'OLOFSSON RUNE');
INSERT INTO authors(id_author,author) VALUES (514,'OMAHEN MARIJA');
INSERT INTO authors(id_author,author) VALUES (515,'OPGENOORTH; LOBE');
INSERT INTO authors(id_author,author) VALUES (516,'OPRESNIK MOJCA');
INSERT INTO authors(id_author,author) VALUES (518,'ORIENTI SANDRA');
INSERT INTO authors(id_author,author) VALUES (523,'ORWELL GEORGE');
INSERT INTO authors(id_author,author) VALUES (524,'OSTROVITJANOV');
INSERT INTO authors(id_author,author) VALUES (527,'PAASILINNA ARTO');
INSERT INTO authors(id_author,author) VALUES (528,'PACIONI GIOVANNI');
INSERT INTO authors(id_author,author) VALUES (529,'PAHOR BORIS');
INSERT INTO authors(id_author,author) VALUES (530,'PAJNIK, LESJAK TUŠEK, GREGORIČIČ');
INSERT INTO authors(id_author,author) VALUES (531,'PALMER DONALD');
INSERT INTO authors(id_author,author) VALUES (532,'PARETTI SANDRA');
INSERT INTO authors(id_author,author) VALUES (534,'PARISE GOFFREDO');
INSERT INTO authors(id_author,author) VALUES (535,'PARKER');
INSERT INTO authors(id_author,author) VALUES (536,'PARMA BRUNO');
INSERT INTO authors(id_author,author) VALUES (537,'PARRONCHI ALESSANDRO');
INSERT INTO authors(id_author,author) VALUES (538,'PARSONS DIXON');
INSERT INTO authors(id_author,author) VALUES (539,'PASTERNJAK ALEKSANDER');
INSERT INTO authors(id_author,author) VALUES (540,'PAUSCH RANDY');
INSERT INTO authors(id_author,author) VALUES (542,'PAVČEK TONE');
INSERT INTO authors(id_author,author) VALUES (544,'PEČJAK VID');
INSERT INTO authors(id_author,author) VALUES (545,'PERRAULT CHARLES');
INSERT INTO authors(id_author,author) VALUES (546,'PERŠAK TONE');
INSERT INTO authors(id_author,author) VALUES (548,'PERŠKE KLEPIĆ');
INSERT INTO authors(id_author,author) VALUES (549,'PEŠUT BARBARA');
INSERT INTO authors(id_author,author) VALUES (550,'PINKOLA ESTES CLARISSA');
INSERT INTO authors(id_author,author) VALUES (551,'PIRANDELLO LUIGI');
INSERT INTO authors(id_author,author) VALUES (552,'PLATH SYLVIA');
INSERT INTO authors(id_author,author) VALUES (553,'PLAUT');
INSERT INTO authors(id_author,author) VALUES (554,'PODBEVŠEK');
INSERT INTO authors(id_author,author) VALUES (558,'POE EDGAR ALLAN');
INSERT INTO authors(id_author,author) VALUES (559,'POLIQUIN DANIEL');
INSERT INTO authors(id_author,author) VALUES (560,'POŽARNIK HUBERT');
INSERT INTO authors(id_author,author) VALUES (561,'PRAP LILA');
INSERT INTO authors(id_author,author) VALUES (562,'PRATFCHETT TERRY');
INSERT INTO authors(id_author,author) VALUES (563,'PREDIN KRESLIN');
INSERT INTO authors(id_author,author) VALUES (564,'PREGL SLAVKO');
INSERT INTO authors(id_author,author) VALUES (565,'PREMK, SIEBERER');
INSERT INTO authors(id_author,author) VALUES (569,'PREŠEREN FRANCE');
INSERT INTO authors(id_author,author) VALUES (570,'PREVERT JACQUES');
INSERT INTO authors(id_author,author) VALUES (573,'PROUST MARCEL');
INSERT INTO authors(id_author,author) VALUES (574,'PUPPI LIONELLO');
INSERT INTO authors(id_author,author) VALUES (576,'PUŠENJAK MIŠA');
INSERT INTO authors(id_author,author) VALUES (577,'PUŠKIN ALEKSANDER SERGEJEVIČ');
INSERT INTO authors(id_author,author) VALUES (578,'QUASIMODO SALVATORE');
INSERT INTO authors(id_author,author) VALUES (579,'RAMOVŠ');
INSERT INTO authors(id_author,author) VALUES (580,'RAMOVŠ, ŽUPANČIČ');
INSERT INTO authors(id_author,author) VALUES (581,'RAVNIKAR MATEVŽ');
INSERT INTO authors(id_author,author) VALUES (582,'READ HERBERT');
INSERT INTO authors(id_author,author) VALUES (583,'REBOUL SYLVIE');
INSERT INTO authors(id_author,author) VALUES (584,'REMARQUE');
INSERT INTO authors(id_author,author) VALUES (589,'RENDELL RUTH');
INSERT INTO authors(id_author,author) VALUES (590,'REY');
INSERT INTO authors(id_author,author) VALUES (594,'REYMONT WLADISLAW STANISLAW');
INSERT INTO authors(id_author,author) VALUES (595,'RIBEIRO AQUILINO');
INSERT INTO authors(id_author,author) VALUES (596,'RIBIČIČ CIRIL');
INSERT INTO authors(id_author,author) VALUES (597,'RIGG JO');
INSERT INTO authors(id_author,author) VALUES (598,'RILKE RAINER MARIA');
INSERT INTO authors(id_author,author) VALUES (599,'RIMBAUD ARTHUR');
INSERT INTO authors(id_author,author) VALUES (600,'RIZZATTI MARIA LUISA');
INSERT INTO authors(id_author,author) VALUES (601,'ROCCO, ANTONIA');
INSERT INTO authors(id_author,author) VALUES (602,'ROLLAND ROMAIN');
INSERT INTO authors(id_author,author) VALUES (603,'ROVŠEK JERNEJ');
INSERT INTO authors(id_author,author) VALUES (604,'ROZMAN SMILJAN');
INSERT INTO authors(id_author,author) VALUES (605,'RUHLAND BERND');
INSERT INTO authors(id_author,author) VALUES (606,'RUIZ ZAFON CARLOS');
INSERT INTO authors(id_author,author) VALUES (607,'RUSSELL PETER');
INSERT INTO authors(id_author,author) VALUES (608,'SABATIER ROBERT');
INSERT INTO authors(id_author,author) VALUES (609,'SADE MARKI');
INSERT INTO authors(id_author,author) VALUES (610,'SAGAN CARL');
INSERT INTO authors(id_author,author) VALUES (612,'SAINT-EXUPERY ANTOINE');
INSERT INTO authors(id_author,author) VALUES (614,'ŠALAMUN TOMAŽ');
INSERT INTO authors(id_author,author) VALUES (615,'SAMOKOVLIJA ISAK');
INSERT INTO authors(id_author,author) VALUES (616,'SARTRE JEAN PAUL');
INSERT INTO authors(id_author,author) VALUES (617,'ŠAŠEL ANA');
INSERT INTO authors(id_author,author) VALUES (618,'SCHMIDT MATJAŽ');
INSERT INTO authors(id_author,author) VALUES (619,'SCHMITT CARL');
INSERT INTO authors(id_author,author) VALUES (620,'SCHNABL ANA');
INSERT INTO authors(id_author,author) VALUES (621,'SCHULER WALDMANN');
INSERT INTO authors(id_author,author) VALUES (622,'SCHWAB GUSTAV');
INSERT INTO authors(id_author,author) VALUES (623,'SEDDON RADECKA');
INSERT INTO authors(id_author,author) VALUES (624,'SEDEJ IVAN');
INSERT INTO authors(id_author,author) VALUES (625,'SEE LISA');
INSERT INTO authors(id_author,author) VALUES (626,'ŠEGULA TOMAŽ');
INSERT INTO authors(id_author,author) VALUES (627,'ŠEKS VLADIMIR');
INSERT INTO authors(id_author,author) VALUES (628,'SENANCOUR');
INSERT INTO authors(id_author,author) VALUES (629,'SERVAN-SCHREIBER JEAN-JACQUES');
INSERT INTO authors(id_author,author) VALUES (630,'SHAKESPEARE WILLIAM');
INSERT INTO authors(id_author,author) VALUES (631,'SHAW GISELA');
INSERT INTO authors(id_author,author) VALUES (632,'SHREVE ANITA');
INSERT INTO authors(id_author,author) VALUES (633,'SILBER LITTLE');
INSERT INTO authors(id_author,author) VALUES (634,'ŠILER SVETISLAV');
INSERT INTO authors(id_author,author) VALUES (635,'SILLITOE ALAN');
INSERT INTO authors(id_author,author) VALUES (636,'SIMENON GEORGES');
INSERT INTO authors(id_author,author) VALUES (637,'SIMMEL MARIO JOHANNES');
INSERT INTO authors(id_author,author) VALUES (638,'SIMON CLAUDE');
INSERT INTO authors(id_author,author) VALUES (639,'SIMONE BERTEAUT');
INSERT INTO authors(id_author,author) VALUES (640,'SIMONOV KONSTANTIN');
INSERT INTO authors(id_author,author) VALUES (641,'SINGER ISAAC BASHEVIS');
INSERT INTO authors(id_author,author) VALUES (642,'ŠKARICA ŽUŽIĆ BONIFAČIČ');
INSERT INTO authors(id_author,author) VALUES (643,'SKOBERNE PETER');
INSERT INTO authors(id_author,author) VALUES (644,'ŠKORJANC TOMAŽ');
INSERT INTO authors(id_author,author) VALUES (645,'ŠKRINJAR POLONA');
INSERT INTO authors(id_author,author) VALUES (646,'SLABY; STUPICA');
INSERT INTO authors(id_author,author) VALUES (647,'ŠLEBINGER JANKO');
INSERT INTO authors(id_author,author) VALUES (648,'SLEVEC MARIJAN');
INSERT INTO authors(id_author,author) VALUES (649,'ŠMAHELOVA HELENA');
INSERT INTO authors(id_author,author) VALUES (650,'SMITH ZADIE');
INSERT INTO authors(id_author,author) VALUES (651,'SÖDERBERG HJALMAR');
INSERT INTO authors(id_author,author) VALUES (653,'SOFOKLES');
INSERT INTO authors(id_author,author) VALUES (657,'ŠOLOHOV MIHAIL ALEKSANDROVIČ');
INSERT INTO authors(id_author,author) VALUES (658,'SOTRIFFER KRISTIAN');
INSERT INTO authors(id_author,author) VALUES (659,'SOUBIRAN ANDRE');
INSERT INTO authors(id_author,author) VALUES (660,'SPLICHAL STANKO');
INSERT INTO authors(id_author,author) VALUES (662,'ŠPROHAR LUJ');
INSERT INTO authors(id_author,author) VALUES (663,'ŠPUROVA KATJA');
INSERT INTO authors(id_author,author) VALUES (664,'ŠRAJ PETER');
INSERT INTO authors(id_author,author) VALUES (665,'STAFFLER MARTIN');
INSERT INTO authors(id_author,author) VALUES (666,'ŠTAMPAR FRANCI');
INSERT INTO authors(id_author,author) VALUES (667,'ŠTANCAR MONOS MARJAN');
INSERT INTO authors(id_author,author) VALUES (668,'STANDIN GUY');
INSERT INTO authors(id_author,author) VALUES (669,'STANIČ JANEZ');
INSERT INTO authors(id_author,author) VALUES (670,'ŠTEFAN ANJA; LOVŠIN POLONA');
INSERT INTO authors(id_author,author) VALUES (671,'ŠTEFAN ANJA; REICHMAN JELKA');
INSERT INTO authors(id_author,author) VALUES (672,'ŠTEFANEC VLADIMIR');
INSERT INTO authors(id_author,author) VALUES (674,'STEINBECK JOHN');
INSERT INTO authors(id_author,author) VALUES (675,'STELE FRANCE');
INSERT INTO authors(id_author,author) VALUES (676,'ŠTEMPIHAR MARKO');
INSERT INTO authors(id_author,author) VALUES (678,'STENDHAL');
INSERT INTO authors(id_author,author) VALUES (679,'STERLE MARKO');
INSERT INTO authors(id_author,author) VALUES (680,'ŠTIH BOJAN');
INSERT INTO authors(id_author,author) VALUES (681,'STOPAR PETER');
INSERT INTO authors(id_author,author) VALUES (682,'STRATHERN MARILYN');
INSERT INTO authors(id_author,author) VALUES (683,'STRITIH ČAČINOVIČ');
INSERT INTO authors(id_author,author) VALUES (684,'STRNAD JANEZ');
INSERT INTO authors(id_author,author) VALUES (685,'STYRON WILLIAM');
INSERT INTO authors(id_author,author) VALUES (686,'SVOZILOVA-JOHNOVA HERMA');
INSERT INTO authors(id_author,author) VALUES (687,'TAGORE RABINDRANATH');
INSERT INTO authors(id_author,author) VALUES (688,'THOMAS');
INSERT INTO authors(id_author,author) VALUES (689,'THOMSON EMMA');
INSERT INTO authors(id_author,author) VALUES (690,'TISNIKAR JOŽE');
INSERT INTO authors(id_author,author) VALUES (691,'TITL JULIJ');
INSERT INTO authors(id_author,author) VALUES (692,'TOMASSONI ITALO');
INSERT INTO authors(id_author,author) VALUES (693,'TOPORIŠIČ JOŽE');
INSERT INTO authors(id_author,author) VALUES (694,'TRATNIK SUZANA');
INSERT INTO authors(id_author,author) VALUES (695,'TRDINA SILVA');
INSERT INTO authors(id_author,author) VALUES (696,'TREVOR ELLESTON');
INSERT INTO authors(id_author,author) VALUES (697,'TROLLOPE');
INSERT INTO authors(id_author,author) VALUES (698,'TROY UNA');
INSERT INTO authors(id_author,author) VALUES (699,'TUURI ANTTI');
INSERT INTO authors(id_author,author) VALUES (703,'TWAIN MARK');
INSERT INTO authors(id_author,author) VALUES (704,'TYRMAND LEOPOLD');
INSERT INTO authors(id_author,author) VALUES (705,'ULE MIRJANA');
INSERT INTO authors(id_author,author) VALUES (706,'UNDSET SIGRID');
INSERT INTO authors(id_author,author) VALUES (707,'URŠIČ METKA');
INSERT INTO authors(id_author,author) VALUES (709,'URŠIČ STANKO');
INSERT INTO authors(id_author,author) VALUES (710,'VAAL ALEX');
INSERT INTO authors(id_author,author) VALUES (713,'VAHTAR MARTA');
INSERT INTO authors(id_author,author) VALUES (714,'VALVASOR JANEZ VAJKARD');
INSERT INTO authors(id_author,author) VALUES (715,'VANDELINA ILC');
INSERT INTO authors(id_author,author) VALUES (717,'VANDERGRIFF AOLA');
INSERT INTO authors(id_author,author) VALUES (719,'VARGAS LLOSA MARIO');
INSERT INTO authors(id_author,author) VALUES (854,'VEČ');
INSERT INTO authors(id_author,author) VALUES (855,'VEFHOVAR DARINKA');
INSERT INTO authors(id_author,author) VALUES (857,'VELIKONJA MITJA');
INSERT INTO authors(id_author,author) VALUES (860,'VERNE JULES');
INSERT INTO authors(id_author,author) VALUES (861,'VERNER ALFRED');
INSERT INTO authors(id_author,author) VALUES (862,'VEZJAK BORIS');
INSERT INTO authors(id_author,author) VALUES (863,'VIAN BORIS');
INSERT INTO authors(id_author,author) VALUES (864,'VIDAV IVAN');
INSERT INTO authors(id_author,author) VALUES (865,'VIDEMŠEK BOŠTJAN');
INSERT INTO authors(id_author,author) VALUES (866,'VIDMAJER JANEZ');
INSERT INTO authors(id_author,author) VALUES (867,'VIDMAR JANJA');
INSERT INTO authors(id_author,author) VALUES (868,'VIDMAR MAJA');
INSERT INTO authors(id_author,author) VALUES (869,'VINTHAGEN STELLAN');
INSERT INTO authors(id_author,author) VALUES (870,'VIPOTNIK JANEZ');
INSERT INTO authors(id_author,author) VALUES (871,'VIRNO PAOLO');
INSERT INTO authors(id_author,author) VALUES (872,'VODOVNIK ŽIGA');
INSERT INTO authors(id_author,author) VALUES (873,'VOGELNIKOVA MARIJA');
INSERT INTO authors(id_author,author) VALUES (874,'VOJNOVIĆ GORAN');
INSERT INTO authors(id_author,author) VALUES (875,'VONNEGUT KURT');
INSERT INTO authors(id_author,author) VALUES (876,'VORANC PREŽIHOV');
INSERT INTO authors(id_author,author) VALUES (877,'VOŠNJAK MITJA');
INSERT INTO authors(id_author,author) VALUES (878,'VUKAŠINOVIĆ-MIKUŽ MARIJA');
INSERT INTO authors(id_author,author) VALUES (879,'WALKER ALICE');
INSERT INTO authors(id_author,author) VALUES (880,'WALLACE EDGAR');
INSERT INTO authors(id_author,author) VALUES (881,'WALSH THOMAS');
INSERT INTO authors(id_author,author) VALUES (882,'WAMBRECHTSAMER ANNA');
INSERT INTO authors(id_author,author) VALUES (883,'WENINGER BRIGITTE');
INSERT INTO authors(id_author,author) VALUES (884,'WERFEL FRANC');
INSERT INTO authors(id_author,author) VALUES (886,'WHITE PATRICK');
INSERT INTO authors(id_author,author) VALUES (887,'WHITFORD FRANK');
INSERT INTO authors(id_author,author) VALUES (888,'WHITMAN WALT');
INSERT INTO authors(id_author,author) VALUES (890,'WILKINSON CAROLE');
INSERT INTO authors(id_author,author) VALUES (891,'WILSON JACQUELINE');
INSERT INTO authors(id_author,author) VALUES (892,'WOLF CHRISTA');
INSERT INTO authors(id_author,author) VALUES (893,'WOLFE THOMAS');
INSERT INTO authors(id_author,author) VALUES (894,'WOLTER ANNETTE');
INSERT INTO authors(id_author,author) VALUES (895,'WOOD IRA');
INSERT INTO authors(id_author,author) VALUES (896,'WOOLF VIRGINIA');
INSERT INTO authors(id_author,author) VALUES (897,'YEH CHUN-CHAN');
INSERT INTO authors(id_author,author) VALUES (899,'ZAJC DANE');
INSERT INTO authors(id_author,author) VALUES (900,'ZEI ALKI');
INSERT INTO authors(id_author,author) VALUES (901,'ZEI MIROSLAV');
INSERT INTO authors(id_author,author) VALUES (902,'ZLOBEC CIRIL');
INSERT INTO authors(id_author,author) VALUES (903,'ŽORŽ BOGDAN');
INSERT INTO authors(id_author,author) VALUES (904,'ŽUPANČIČ OTON');



INSERT INTO collections(id_collection,collection) VALUES (1,'NE VEM');
INSERT INTO collections(id_collection,collection) VALUES (3,'ABC');
INSERT INTO collections(id_collection,collection) VALUES (13,'BISERI UMETNOSTI');
INSERT INTO collections(id_collection,collection) VALUES (16,'ČKZ');
INSERT INTO collections(id_collection,collection) VALUES (18,'CPP');
INSERT INTO collections(id_collection,collection) VALUES (23,'FAVOURITE TALES');
INSERT INTO collections(id_collection,collection) VALUES (27,'GUINNESS WORLD RECORDS');
INSERT INTO collections(id_collection,collection) VALUES (29,'KROŽNIK OKUSOV');
INSERT INTO collections(id_collection,collection) VALUES (31,'LIKOVNA PRIČEVANJA');
INSERT INTO collections(id_collection,collection) VALUES (37,'LJUDSTVA SVETA');
INSERT INTO collections(id_collection,collection) VALUES (40,'MALA SPLOŠNA ENCIKLOPEDIJA');
INSERT INTO collections(id_collection,collection) VALUES (46,'MALA STOR');
INSERT INTO collections(id_collection,collection) VALUES (48,'MATEMATIKA');
INSERT INTO collections(id_collection,collection) VALUES (50,'MATEMATIKA=ZABAVA');
INSERT INTO collections(id_collection,collection) VALUES (52,'MOJE VRTNE RASTLINE');
INSERT INTO collections(id_collection,collection) VALUES (53,'NEBESNA ZNAMENJA');
INSERT INTO collections(id_collection,collection) VALUES (89,'NOBELOVCI');
INSERT INTO collections(id_collection,collection) VALUES (90,'NOSTALGIJA');
INSERT INTO collections(id_collection,collection) VALUES (97,'NOVA OBZORJA');
INSERT INTO collections(id_collection,collection) VALUES (99,'ODABERI SVOJU PUSTOLOVINU');
INSERT INTO collections(id_collection,collection) VALUES (100,'POMOČ IZ');
INSERT INTO collections(id_collection,collection) VALUES (102,'PREPOROSTE TEHNIKE');
INSERT INTO collections(id_collection,collection) VALUES (109,'PREŠERNOVA DRUŽBA');
INSERT INTO collections(id_collection,collection) VALUES (110,'SVETOVNA');
INSERT INTO collections(id_collection,collection) VALUES (113,'TINTIN');
INSERT INTO collections(id_collection,collection) VALUES (116,'UMETNOST V SLIKAH');
INSERT INTO collections(id_collection,collection) VALUES (120,'V SVETU CANKARJEVE DRAMATIKE');
INSERT INTO collections(id_collection,collection) VALUES (137,'VELIKA STOR');
INSERT INTO collections(id_collection,collection) VALUES (145,'VRHUNCI STOLETJA');
INSERT INTO collections(id_collection,collection) VALUES (160,'ZAKLADNICA USPEŠNIC');



INSERT languages(id_language, language)
VALUES (1, 'NE VEM');
INSERT languages(id_language, language)
VALUES (2, 'slovenščina');
INSERT languages(id_language, language)
VALUES (3, 'angleščina');
INSERT languages(id_language, language)
VALUES (4, 'hrvaščina');
INSERT languages(id_language, language)
VALUES (5, 'francoščina');
INSERT languages(id_language, language)
VALUES (6, 'italijanščina');



INSERT INTO positions(id_position, `position`)
VALUES (1, 'NEVEM');
INSERT INTO positions(id_position, `position`)
VALUES (2, 'klet');
INSERT INTO positions(id_position, `position`)
VALUES (3, 'dnevna');
INSERT INTO positions(id_position, `position`)
VALUES (4, 'Adrian');
INSERT INTO positions(id_position, `position`)
VALUES (5, 'oči');
INSERT INTO positions(id_position, `position`)
VALUES (6, 'Leila');



INSERT INTO fields(id_field, field)
VALUES (1, 'NE VEM');
INSERT INTO fields(id_field, field)
VALUES (2, 'slo leposlovje');
INSERT INTO fields(id_field, field)
VALUES (3, 'tuje leposlovje');
INSERT INTO fields(id_field, field)
VALUES (4, 'otroško');
INSERT INTO fields(id_field, field)
VALUES (5, 'dramatika');
INSERT INTO fields(id_field, field)
VALUES (6, 'poezija');
INSERT INTO fields(id_field, field)
VALUES (7, 'družboslovje');
INSERT INTO fields(id_field, field)
VALUES (8, 'jezikoslovje');
INSERT INTO fields(id_field, field)
VALUES (9, 'naravoslovje');
INSERT INTO fields(id_field, field)
VALUES (10, 'dom');
INSERT INTO fields(id_field, field)
VALUES (11, 'drugo');



INSERT INTO subfields(id_field, id_subfield, subfield)
VALUES(1 ,1 ,'NE VEM');

INSERT INTO subfields(id_field, id_subfield, subfield)
VALUES(2 ,1 ,'NE VEM');
INSERT INTO subfields(id_field, id_subfield, subfield)
VALUES(2 ,2 ,'detektivka');
INSERT INTO subfields(id_field, id_subfield, subfield)
VALUES(2 ,3 ,'vojni');
INSERT INTO subfields(id_field, id_subfield, subfield)
VALUES(2 ,4 ,'humor, komedija');
INSERT INTO subfields(id_field, id_subfield, subfield)
VALUES(2 ,5 ,'ljubezenski');
INSERT INTO subfields(id_field, id_subfield, subfield)
VALUES(2 ,6 ,'biografija');
INSERT INTO subfields(id_field, id_subfield, subfield)
VALUES(2 ,7 ,'potopis, dnevnik');
INSERT INTO subfields(id_field, id_subfield, subfield)
VALUES(2 ,8 ,'kratko(pravljica, novela)');
INSERT INTO subfields(id_field, id_subfield, subfield)
VALUES(2 ,9 ,'družbeni roman');
INSERT INTO subfields(id_field, id_subfield, subfield)
VALUES(2 ,10 ,'grozljivka');
INSERT INTO subfields(id_field, id_subfield, subfield)
VALUES(2 ,11 ,'zf, utopija, distopija');
INSERT INTO subfields(id_field, id_subfield, subfield)
VALUES(2 ,12 ,'zgodovinski');
INSERT INTO subfields(id_field, id_subfield, subfield)
VALUES(2 ,13 ,'eksotični');
INSERT INTO subfields(id_field, id_subfield, subfield)
VALUES(2 ,14 ,'eksistencializem');
INSERT INTO subfields(id_field, id_subfield, subfield)
VALUES(2 ,15 ,'erotika');

INSERT INTO subfields(id_field, id_subfield, subfield)
VALUES(3 ,1 ,'NE VEM');
INSERT INTO subfields(id_field, id_subfield, subfield)
VALUES(3 ,2 ,'detektivka');
INSERT INTO subfields(id_field, id_subfield, subfield)
VALUES(3 ,3 ,'vojni');
INSERT INTO subfields(id_field, id_subfield, subfield)
VALUES(3 ,4 ,'humor, komedija');
INSERT INTO subfields(id_field, id_subfield, subfield)
VALUES(3 ,5 ,'ljubezenski');
INSERT INTO subfields(id_field, id_subfield, subfield)
VALUES(3 ,6 ,'biografija');
INSERT INTO subfields(id_field, id_subfield, subfield)
VALUES(3 ,7 ,'potopis, dnevnik');
INSERT INTO subfields(id_field, id_subfield, subfield)
VALUES(3 ,8 ,'kratko(pravljica, novela)');
INSERT INTO subfields(id_field, id_subfield, subfield)
VALUES(3 ,9 ,'družbeni roman');
INSERT INTO subfields(id_field, id_subfield, subfield)
VALUES(3 ,10 ,'grozljivka');
INSERT INTO subfields(id_field, id_subfield, subfield)
VALUES(3 ,11 ,'zf, utopija, distopija');
INSERT INTO subfields(id_field, id_subfield, subfield)
VALUES(3 ,12 ,'zgodovinski');
INSERT INTO subfields(id_field, id_subfield, subfield)
VALUES(3 ,13 ,'eksotični');
INSERT INTO subfields(id_field, id_subfield, subfield)
VALUES(3 ,14 ,'eksistencializem');
INSERT INTO subfields(id_field, id_subfield, subfield)
VALUES(3 ,15 ,'erotika');

INSERT INTO subfields(id_field, id_subfield, subfield)
VALUES(4 ,1 ,'NE VEM');

INSERT INTO subfields(id_field, id_subfield, subfield)
VALUES(5 ,1 ,'NE VEM');
INSERT INTO subfields(id_field, id_subfield, subfield)
VALUES(5 ,2 ,'slovenska');
INSERT INTO subfields(id_field, id_subfield, subfield)
VALUES(5 ,3 ,'tuja');

INSERT INTO subfields(id_field, id_subfield, subfield)
VALUES(6 ,1 ,'NE VEM');
INSERT INTO subfields(id_field, id_subfield, subfield)
VALUES(6 ,2 ,'slovenska');
INSERT INTO subfields(id_field, id_subfield, subfield)
VALUES(6 ,3 ,'tuja');

INSERT INTO subfields(id_field, id_subfield, subfield)
VALUES(7 ,1 ,'NE VEM');
INSERT INTO subfields(id_field, id_subfield, subfield)
VALUES(7 ,2 ,'sociologija');
INSERT INTO subfields(id_field, id_subfield, subfield)
VALUES(7 ,3 ,'psihologija');
INSERT INTO subfields(id_field, id_subfield, subfield)
VALUES(7 ,4 ,'ekonomija');
INSERT INTO subfields(id_field, id_subfield, subfield)
VALUES(7 ,5 ,'filozofija');
INSERT INTO subfields(id_field, id_subfield, subfield)
VALUES(7 ,6 ,'umetnost');
INSERT INTO subfields(id_field, id_subfield, subfield)
VALUES(7 ,7 ,'zgodovina');
INSERT INTO subfields(id_field, id_subfield, subfield)
VALUES(7 ,8 ,'antropologija');
INSERT INTO subfields(id_field, id_subfield, subfield)
VALUES(7 ,9 ,'turizem, geografija');
INSERT INTO subfields(id_field, id_subfield, subfield)
VALUES(7 ,10 ,'vera in mistika');
INSERT INTO subfields(id_field, id_subfield, subfield)
VALUES(7 ,11 ,'politologija');

INSERT INTO subfields(id_field, id_subfield, subfield)
VALUES(8 ,1 ,'NE VEM');
INSERT INTO subfields(id_field, id_subfield, subfield)
VALUES(8 ,2 ,'slovar');
INSERT INTO subfields(id_field, id_subfield, subfield)
VALUES(8 ,3 ,'slovnica');
INSERT INTO subfields(id_field, id_subfield, subfield)
VALUES(8 ,4 ,'pravopis');
INSERT INTO subfields(id_field, id_subfield, subfield)
VALUES(8 ,5 ,'književnost');
INSERT INTO subfields(id_field, id_subfield, subfield)
VALUES(8 ,6 ,'literarna teorija');

INSERT INTO subfields(id_field, id_subfield, subfield)
VALUES(9 ,1 ,'NE VEM');
INSERT INTO subfields(id_field, id_subfield, subfield)
VALUES(9 ,2 ,'matematika');
INSERT INTO subfields(id_field, id_subfield, subfield)
VALUES(9 ,3 ,'fizika');
INSERT INTO subfields(id_field, id_subfield, subfield)
VALUES(9 ,4 ,'biologija');
INSERT INTO subfields(id_field, id_subfield, subfield)
VALUES(9 ,5 ,'kemija');
INSERT INTO subfields(id_field, id_subfield, subfield)
VALUES(9 ,6 ,'tehnika');
INSERT INTO subfields(id_field, id_subfield, subfield)
VALUES(9 ,7 ,'računalništvo');
INSERT INTO subfields(id_field, id_subfield, subfield)
VALUES(9 ,8 ,'logika');

INSERT INTO subfields(id_field, id_subfield, subfield)
VALUES(10 ,1 ,'NE VEM');
INSERT INTO subfields(id_field, id_subfield, subfield)
VALUES(10 ,2 ,'ročna dela');
INSERT INTO subfields(id_field, id_subfield, subfield)
VALUES(10 ,3 ,'vrt');
INSERT INTO subfields(id_field, id_subfield, subfield)
VALUES(10 ,4 ,'recepti');
INSERT INTO subfields(id_field, id_subfield, subfield)
VALUES(10 ,5 ,'oprema stanovanja');
INSERT INTO subfields(id_field, id_subfield, subfield)
VALUES(10 ,6 ,'zdravje');

INSERT INTO subfields(id_field, id_subfield, subfield)
VALUES(11 ,1 ,'NE VEM');
INSERT INTO subfields(id_field, id_subfield, subfield)
VALUES(11 ,2 ,'enciklopedija');
INSERT INTO subfields(id_field, id_subfield, subfield)
VALUES(11 ,3 ,'atlas');
INSERT INTO subfields(id_field, id_subfield, subfield)
VALUES(11 ,4 ,'šport in igre');


